DraftYr,Pk,Tm,Player,College,Yrs,G,MP,PTS,TRB,AST,FG%,3P%,FT%,MP,PTS,TRB,AST,WS,WS/48,BPM,VORP,IDs
2008-09,1,CHI,Derrick Rose,University of Memphis,9,477,16480,9255,1753,2811,.451,.297,.821,34.5,19.4,3.7,5.9,34.3,.100,0.5,10.3,201565
2008-09,2,MIA,Michael Beasley,Kansas State University,10,538,12493,6733,2516,675,.461,.346,.756,23.2,12.5,4.7,1.3,13.4,.052,-3.4,-4.5,201563
2008-09,3,MIN,O.J. Mayo,University of Southern California,8,547,16919,7574,1706,1607,.429,.373,.820,30.9,13.8,3.1,2.9,21.8,.062,-0.8,5.1,201564
2008-09,4,SEA,Russell Westbrook,"University of California, Los Angeles",10,703,24055,15997,4476,5643,.432,.313,.818,34.2,22.8,6.4,8.0,84.3,.168,6.5,51.7,201566
2008-09,5,MEM,Kevin Love,"University of California, Los Angeles",10,610,19781,11279,6959,1431,.444,.368,.823,32.4,18.5,11.4,2.3,75.2,.182,2.9,24.4,201567
2008-09,6,NYK,Danilo Gallinari,,9,471,14671,7200,2199,927,.418,.367,.864,31.1,15.3,4.7,2.0,41.2,.135,1.0,10.9,201568
2008-09,7,LAC,Eric Gordon,Indiana University,10,523,17472,8760,1316,1623,.430,.377,.817,33.4,16.7,2.5,3.1,28.3,.078,-0.7,5.6,201569
2008-09,8,MIL,Joe Alexander,West Virginia University,2,67,745,282,120,44,.410,.340,.698,11.1,4.2,1.8,0.7,0.5,.030,-3.3,-0.2,201570
2008-09,9,CHA,D.J. Augustin,University of Texas at Austin,10,680,16002,6461,1206,2580,.403,.372,.862,23.5,9.5,1.8,3.8,32.0,.096,-1.7,1.2,201571
2008-09,10,NJN,Brook Lopez,Stanford University,10,590,18745,10802,4124,915,.503,.321,.793,31.8,18.3,7.0,1.6,50.8,.130,0.9,13.6,201572
2008-09,11,IND,Jerryd Bayless,University of Arizona,10,541,11630,4641,1157,1543,.414,.366,.824,21.5,8.6,2.1,2.9,18.3,.076,-1.8,0.6,201573
2008-09,12,SAC,Jason Thompson,Rider University,8,588,14819,5210,3880,635,.496,.143,.657,25.2,8.9,6.6,1.1,23.8,.077,-1.7,1.3,201574
2008-09,13,POR,Brandon Rush,University of Kansas,9,481,10564,3250,1413,468,.426,.402,.706,22.0,6.8,2.9,1.0,11.2,.051,-1.7,0.7,201575
2008-09,14,GSW,Anthony Randolph,Louisiana State University,6,252,3841,1789,1078,187,.453,.241,.740,15.2,7.1,4.3,0.7,5.8,.072,-2.1,-0.1,201576
2008-09,15,PHO,Robin Lopez,Stanford University,10,662,15350,5919,3650,502,.525,.154,.760,23.2,8.9,5.5,0.8,39.8,.124,0.4,9.1,201577
2008-09,16,PHI,Marreese Speights,University of Florida,10,680,10299,5384,2803,436,.460,.349,.797,15.1,7.9,4.1,0.6,25.1,.117,-2.9,-2.3,201578
2008-09,17,TOR,Roy Hibbert,Georgetown University,9,662,16389,6611,4173,885,.465,.250,.755,24.8,10.0,6.3,1.3,35.9,.105,0.2,9.1,201579
2008-09,18,WAS,JaVale McGee,"University of Nevada, Reno",10,522,8948,3976,2539,170,.556,.077,.578,17.1,7.6,4.9,0.3,24.3,.130,-0.6,3.2,201580
2008-09,19,CLE,J.J. Hickson,North Carolina State University,8,534,11925,5081,3639,449,.505,.000,.617,22.3,9.5,6.8,0.8,21.9,.088,-2.3,-0.9,201581
2008-09,20,CHA,Alexis Ajinca,,7,293,3905,1553,1150,143,.503,.286,.797,13.3,5.3,3.9,0.5,7.5,.093,-2.5,-0.5,201582
2009-10,1,LAC,Blake Griffin,University of Oklahoma,8,490,17247,10565,4574,2050,.513,.315,.678,35.2,21.6,9.3,4.2,64.2,.179,4.0,26.4,201933
2009-10,2,MEM,Hasheem Thabeet,University of Connecticut,5,224,2357,483,595,27,.567,,.578,10.5,2.2,2.7,0.1,4.8,.099,-1.4,0.4,201934
2009-10,3,OKC,James Harden,Arizona State University,9,648,21889,14690,3265,3830,.443,.366,.855,33.8,22.7,5.0,5.9,99.1,.217,6.2,45.5,201935
2009-10,4,SAC,Tyreke Evans,University of Memphis,9,507,16280,8289,2427,2567,.445,.312,.760,32.1,16.3,4.8,5.1,27.4,.081,1.1,12.6,201936
2009-10,5,MIN,Ricky Rubio,,7,388,12233,4049,1632,3158,.377,.310,.834,31.5,10.4,4.2,8.1,23.8,.093,1.1,9.4,201937
2009-10,6,MIN,Jonny Flynn,Syracuse University,3,163,3738,1504,307,634,.400,.338,.809,22.9,9.2,1.9,3.9,-1.1,-.015,-4.9,-2.7,201938
2009-10,7,GSW,Stephen Curry,Davidson College,9,597,20647,13694,2619,4068,.476,.435,.903,34.6,22.9,4.4,6.8,88.6,.206,6.4,43.7,201939
2009-10,8,NYK,Jordan Hill,University of Arizona,8,409,7692,3232,2389,322,.497,.136,.699,18.8,7.9,5.8,0.8,16.4,.102,-2.0,0.0,201941
2009-10,9,TOR,DeMar DeRozan,University of Southern California,9,628,21409,12249,2569,1821,.448,.285,.827,34.1,19.5,4.1,2.9,48.9,.110,-0.7,6.8,201942
2009-10,10,MIL,Brandon Jennings,,8,541,16639,7728,1628,3107,.388,.346,.795,30.8,14.3,3.0,5.7,29.8,.086,0.5,10.5,201943
2009-10,11,NJN,Terrence Williams,University of Louisville,4,153,2922,1085,545,364,.412,.317,.659,19.1,7.1,3.6,2.4,-0.2,-.004,-3.8,-1.4,201944
2009-10,12,CHA,Gerald Henderson,Duke University,8,535,13854,5987,1716,1009,.440,.327,.793,25.9,11.2,3.2,1.9,18.3,.063,-2.2,-0.9,76993
2009-10,13,IND,Tyler Hansbrough,University of North Carolina,7,428,7233,2881,1808,181,.439,.136,.738,16.9,6.7,4.2,0.4,20.2,.134,-2.5,-1.0,201946
2009-10,14,PHO,Earl Clark,University of Louisville,6,261,3630,1138,778,134,.403,.328,.664,13.9,4.4,3.0,0.5,2.9,.038,-3.6,-1.5,201947
2009-10,15,DET,Austin Daye,Gonzaga University,6,293,4132,1522,764,212,.402,.351,.778,14.1,5.2,2.6,0.7,4.5,.053,-2.6,-0.6,201948
2009-10,16,CHI,James Johnson,Wake Forest University,9,503,10133,3881,1778,982,.479,.300,.694,20.1,7.7,3.5,2.0,18.8,.089,1.3,8.5,201949
2009-10,17,PHI,Jrue Holiday,"University of California, Los Angeles",9,538,17497,7808,1947,3328,.444,.363,.791,32.5,14.5,3.6,6.2,29.0,.080,0.9,12.9,201950
2009-10,18,MIN,Ty Lawson,University of North Carolina,8,551,16088,6977,1506,3316,.460,.359,.770,29.2,12.7,2.7,6.0,42.1,.126,0.7,10.9,201951
2009-10,19,ATL,Jeff Teague,Wake Forest University,9,631,17235,7959,1540,3535,.447,.357,.844,27.3,12.6,2.4,5.6,42.9,.120,0.1,9.2,201952
2009-10,20,UTA,Eric Maynor,Virginia Commonwealth University,5,267,3896,1141,348,760,.392,.350,.721,14.6,4.3,1.3,2.8,3.3,.041,-4.7,-2.7,201953
2010-11,1,WAS,John Wall,University of Kentucky,8,524,18824,9856,2305,4824,.432,.321,.787,35.9,18.8,4.4,9.2,42.3,.108,2.5,21.1,202322
2010-11,2,PHI,Evan Turner,Ohio State University,8,568,15946,5885,2791,2046,.431,.294,.784,28.1,10.4,4.9,3.6,16.7,.050,-2.0,-0.2,202323
2010-11,3,NJN,Derrick Favors,Georgia Institute of Technology,8,513,13283,5900,3660,561,.513,.200,.668,25.9,11.5,7.1,1.1,36.6,.132,0.9,9.6,202324
2010-11,4,MIN,Wesley Johnson,Syracuse University,8,525,12137,3896,1732,591,.406,.334,.741,23.1,7.4,3.3,1.1,9.7,.038,-1.2,2.6,202325
2010-11,5,SAC,DeMarcus Cousins,University of Kentucky,8,521,16764,11190,5679,1644,.460,.336,.736,32.2,21.5,10.9,3.2,40.3,.115,2.8,20.3,202326
2010-11,6,GSW,Ekpe Udoh,Baylor University,6,303,5095,1163,945,218,.432,.000,.722,16.8,3.8,3.1,0.7,7.3,.069,-0.6,1.9,202327
2010-11,7,DET,Greg Monroe,Georgetown University,8,556,16336,7751,4840,1255,.513,.000,.705,29.4,13.9,8.7,2.3,46.3,.136,2.0,16.4,202328
2010-11,8,LAC,Al-Farouq Aminu,Wake Forest University,8,541,13144,3951,3098,660,.425,.333,.724,24.3,7.3,5.7,1.2,18.8,.069,-0.3,5.7,202329
2010-11,9,UTA,Gordon Hayward,Butler University,8,517,16169,8079,2150,1762,.444,.368,.820,31.3,15.6,4.2,3.4,43.1,.128,2.0,16.3,202330
2010-11,10,IND,Paul George,"California State University, Fresno",8,481,15920,8765,3003,1520,.431,.375,.847,33.1,18.2,6.2,3.2,47.9,.145,3.7,22.7,202331
2010-11,11,NOH,Cole Aldrich,University of Kansas,8,324,3353,1041,1117,181,.530,,.746,10.3,3.2,3.4,0.6,9.6,.137,1.2,2.7,202332
2010-11,12,MEM,Xavier Henry,University of Kansas,5,185,2905,1050,351,120,.406,.325,.635,15.7,5.7,1.9,0.6,0.8,.013,-5.1,-2.3,202333
2010-11,13,TOR,Ed Davis,University of North Carolina,8,515,10649,3452,3295,410,.560,.000,.574,20.7,6.7,6.4,0.8,32.5,.146,1.0,8.1,202334
2010-11,14,HOU,Patrick Patterson,University of Kentucky,8,512,11934,3855,2299,596,.456,.368,.752,23.3,7.5,4.5,1.2,25.7,.104,0.6,7.8,202335
2010-11,15,MIL,Larry Sanders,Virginia Commonwealth University,6,238,4635,1520,1345,174,.480,.000,.553,19.5,6.4,5.7,0.7,10.3,.107,0.6,3.0,202336
2010-11,16,MIN,Luke Babbitt,"University of Nevada, Reno",8,359,5120,1750,820,215,.412,.409,.742,14.3,4.9,2.3,0.6,7.1,.066,-2.7,-0.9,202337
2010-11,17,CHI,Kevin Seraphin,,7,423,6430,2516,1462,246,.489,.000,.715,15.2,5.9,3.5,0.6,5.9,.044,-3.9,-3.1,202338
2010-11,18,OKC,Eric Bledsoe,University of Kentucky,8,444,12128,5956,1683,2039,.445,.332,.796,27.3,13.4,3.8,4.6,24.7,.098,1.8,11.8,202339
2010-11,19,BOS,Avery Bradley,University of Texas at Austin,8,441,12496,5447,1332,758,.441,.370,.777,28.3,12.4,3.0,1.7,15.1,.058,-1.5,1.6,202340
2010-11,20,SAS,James Anderson,Oklahoma State University,5,247,4320,1422,560,291,.411,.321,.755,17.5,5.8,2.3,1.2,3.3,.037,-2.8,-0.9,202341
2011-12,1,CLE,Kyrie Irving,Duke University,7,418,14222,9145,1400,2299,.460,.386,.875,34.0,21.9,3.3,5.5,46.0,.155,3.2,18.5,202681
2011-12,2,MIN,Derrick Williams,University of Arizona,6,426,8855,3807,1692,293,.434,.300,.710,20.8,8.9,4.0,0.7,14.1,.076,-3.2,-2.6,202682
2011-12,3,UTA,Enes Kanter,,7,477,10300,5470,3327,313,.534,.294,.775,21.6,11.5,7.0,0.7,30.3,.141,-2.1,-0.2,202683
2011-12,4,CLE,Tristan Thompson,University of Texas at Austin,7,481,13647,4439,4098,390,.515,.000,.610,28.4,9.2,8.5,0.8,35.4,.125,-0.6,4.9,202684
2011-12,5,TOR,Jonas Valanciunas,,6,392,10095,4480,3305,258,.555,.313,.786,25.8,11.4,8.4,0.7,36.0,.171,-0.5,3.8,202685
2011-12,6,WAS,Jan Vesely,,3,162,2455,590,562,96,.521,.000,.408,15.2,3.6,3.5,0.6,4.0,.078,-0.6,0.9,202686
2011-12,7,SAC,Bismack Biyombo,,7,483,10141,2331,3117,201,.510,.000,.555,21.0,4.8,6.5,0.4,18.6,.088,-2.2,-0.5,202687
2011-12,8,DET,Brandon Knight,University of Kentucky,6,382,11939,5820,1277,1629,.415,.357,.812,31.3,15.2,3.3,4.3,11.6,.047,-1.2,2.3,202688
2011-12,9,CHA,Kemba Walker,University of Connecticut,7,475,16123,8827,1818,2565,.412,.350,.829,33.9,18.6,3.8,5.4,36.0,.107,2.2,17.3,202689
2011-12,10,MIL,Jimmer Fredette,Brigham Young University,5,235,3148,1416,236,323,.412,.381,.876,13.4,6.0,1.0,1.4,2.4,.037,-4.0,-1.6,202690
2011-12,11,GSW,Klay Thompson,Washington State University,7,499,16371,9575,1700,1134,.455,.421,.855,32.8,19.2,3.4,2.3,39.7,.116,0.5,10.3,202691
2011-12,12,UTA,Alec Burks,University of Colorado,7,336,7293,3380,997,576,.428,.362,.761,21.7,10.1,3.0,1.7,11.0,.072,-2.1,-0.1,202692
2011-12,13,PHO,Markieff Morris,University of Kansas,7,475,12447,5623,2629,791,.448,.336,.775,26.2,11.8,5.5,1.7,19.7,.076,-0.7,4.0,202693
2011-12,14,HOU,Marcus Morris,University of Kansas,7,434,11338,4719,1863,673,.426,.354,.722,26.1,10.9,4.3,1.6,19.8,.084,-0.5,4.4,202694
2011-12,15,IND,Kawhi Leonard,San Diego State University,7,403,12249,6571,2490,910,.495,.388,.847,30.4,16.3,6.2,2.3,55.8,.219,6.3,25.5,202695
2011-12,16,PHI,Nikola Vucevic,University of Southern California,7,433,12930,6397,4270,924,.501,.324,.725,29.9,14.8,9.9,2.1,30.8,.114,0.9,9.4,202696
2011-12,17,NYK,Iman Shumpert,Georgia Institute of Technology,7,383,9732,2799,1315,721,.396,.339,.763,25.4,7.3,3.4,1.9,11.6,.057,-0.4,4.0,202697
2011-12,18,WAS,Chris Singleton,Florida State University,3,148,2605,612,472,92,.376,.319,.633,17.6,4.1,3.2,0.6,2.3,.042,-2.3,-0.2,202698
2011-12,19,CHA,Tobias Harris,University of Tennessee,7,418,12193,5924,2345,665,.468,.351,.811,29.2,14.2,5.6,1.6,29.1,.115,0.0,6.2,202699
2011-12,20,MIN,Donatas Motiejunas,,5,248,4553,1826,949,268,.469,.300,.600,18.4,7.4,3.8,1.1,7.2,.076,-2.0,0.0,202700
2012-13,1,NOH,Anthony Davis,University of Kentucky,6,364,12546,8234,3705,660,.517,.308,.788,34.5,22.6,10.2,1.8,54.1,.207,4.2,19.5,203076
2012-13,2,CHA,Michael Kidd-Gilchrist,University of Kentucky,6,311,8422,2861,1945,400,.472,.194,.706,27.1,9.2,6.3,1.3,17.0,.097,-0.9,2.4,203077
2012-13,3,WAS,Bradley Beal,University of Florida,6,359,12007,6532,1304,1125,.441,.394,.795,33.4,18.2,3.6,3.1,25.0,.100,0.4,7.2,203078
2012-13,4,CLE,Dion Waiters,Syracuse University,6,365,10490,4867,968,1022,.412,.341,.701,28.7,13.3,2.7,2.8,7.5,.034,-2.6,-1.6,203079
2012-13,5,SAC,Thomas Robinson,University of Kansas,5,313,4204,1528,1507,190,.470,.000,.505,13.4,4.9,4.8,0.6,4.6,.053,-3.2,-1.3,203080
2012-13,6,POR,Damian Lillard,Weber State University,6,427,15548,9662,1749,2644,.429,.368,.881,36.4,22.6,4.1,6.2,50.1,.155,3.3,20.9,203081
2012-13,7,GSW,Harrison Barnes,University of North Carolina,6,422,12675,5269,2060,638,.452,.365,.782,30.0,12.5,4.9,1.5,24.1,.091,-1.1,2.9,203084
2012-13,8,TOR,Terrence Ross,University of Washington,6,409,9768,3929,1083,397,.422,.371,.797,23.9,9.6,2.6,1.0,15.0,.074,-0.9,2.7,203082
2012-13,9,DET,Andre Drummond,University of Connecticut,6,419,12545,5605,5455,401,.547,.238,.402,29.9,13.4,13.0,1.0,40.5,.155,1.2,10.0,203083
2012-13,10,NOH,Austin Rivers,Duke University,6,378,8859,3412,746,857,.418,.356,.651,23.4,9.0,2.0,2.3,6.8,.037,-2.9,-1.9,203085
2012-13,11,POR,Meyers Leonard,University of Illinois at Urbana-Champaign,6,312,5099,1781,1201,253,.466,.375,.822,16.3,5.7,3.8,0.8,10.0,.094,-2.0,0.0,203086
2012-13,12,HOU,Jeremy Lamb,University of Connecticut,6,309,5573,2694,984,399,.440,.328,.835,18.0,8.7,3.2,1.3,12.8,.110,-1.0,1.4,203087
2012-13,13,PHO,Kendall Marshall,University of North Carolina,4,160,3083,802,253,779,.399,.370,.611,19.3,5.0,1.6,4.9,1.0,.015,-5.6,-2.8,203088
2012-13,14,MIL,John Henson,University of North Carolina,6,347,6761,2679,1832,354,.540,.000,.567,19.5,7.7,5.3,1.0,15.8,.112,0.5,4.2,203089
2012-13,15,PHI,Maurice Harkless,St. John's University,6,384,8908,2804,1413,330,.469,.314,.603,23.2,7.3,3.7,0.9,13.7,.074,-0.3,3.8,203090
2012-13,16,HOU,Royce White,Iowa State University,1,3,9,0,0,0,.000,,,3.0,0.0,0.0,0.0,0.0,-.121,-10.4,0.0,203091
2012-13,17,DAL,Tyler Zeller,University of North Carolina,6,366,6539,2598,1617,334,.506,.238,.761,17.9,7.1,4.4,0.9,14.9,.109,-1.6,0.7,203092
2012-13,18,HOU,Terrence Jones,University of Kentucky,5,232,5557,2429,1330,238,.501,.299,.622,24.0,10.5,5.7,1.0,14.8,.128,0.2,3.0,203093
2012-13,19,ORL,Andrew Nicholson,St. Bonaventure University,5,285,4080,1700,857,126,.467,.321,.773,14.3,6.0,3.0,0.4,3.8,.045,-5.3,-3.4,203094
2012-13,20,DEN,Evan Fournier,,6,347,9300,4426,914,776,.449,.383,.799,26.8,12.8,2.6,2.2,14.7,.076,-0.9,2.5,203095
2013-14,1,CLE,Anthony Bennett,"University of Nevada, Las Vegas",4,151,1905,658,472,77,.392,.261,.670,12.6,4.4,3.1,0.5,0.5,.013,-5.6,-1.7,203461
2013-14,2,ORL,Victor Oladipo,Indiana University,5,324,10796,5439,1441,1209,.441,.358,.798,33.3,16.8,4.4,3.7,17.5,.078,0.4,6.5,203506
2013-14,3,WAS,Otto Porter,Georgetown University,5,298,7624,2936,1394,369,.484,.398,.778,25.6,9.9,4.7,1.2,21.4,.135,2.0,7.7,203490
2013-14,4,CHA,Cody Zeller,Indiana University,5,298,6780,2376,1680,378,.499,.214,.733,22.8,8.0,5.6,1.3,19.5,.138,0.7,4.6,203469
2013-14,5,PHO,Alex Len,University of Maryland,5,297,5948,2117,1939,220,.473,.227,.725,20.0,7.1,6.5,0.7,10.2,.082,-2.0,0.0,203458
2013-14,6,NOH,Nerlens Noel,University of Kentucky,4,211,5548,2008,1520,306,.512,.333,.625,26.3,9.5,7.2,1.5,11.6,.100,1.1,4.4,203457
2013-14,7,SAC,Ben McLemore,University of Kansas,5,314,7850,2880,797,370,.416,.350,.779,25.0,9.2,2.5,1.2,4.0,.024,-2.7,-1.4,203463
2013-14,8,DET,Kentavious Caldwell-Pope,University of Georgia,5,343,10497,4064,1088,559,.404,.334,.782,30.6,11.8,3.2,1.6,16.1,.073,0.0,5.2,203484
2013-14,9,MIN,Trey Burke,University of Michigan,4,267,6619,2832,571,972,.390,.337,.813,24.8,10.6,2.1,3.6,5.9,.043,-2.5,-0.9,203504
2013-14,10,POR,C.J. McCollum,Lehigh University,5,293,8235,4825,822,814,.456,.413,.850,28.1,16.5,2.8,2.8,18.6,.109,0.3,4.7,203468
2013-14,11,PHI,Michael Carter-Williams,Syracuse University,5,258,7436,3151,1284,1332,.402,.253,.701,28.8,12.2,5.0,5.2,3.5,.022,-0.9,2.1,203487
2013-14,12,OKC,Steven Adams,University of Pittsburgh,5,341,8338,2757,2269,284,.578,.000,.580,24.5,8.1,6.7,0.8,24.4,.140,1.2,6.8,203500
2013-14,13,DAL,Kelly Olynyk,Gonzaga University,5,312,6529,2973,1502,542,.480,.378,.744,20.9,9.5,4.8,1.7,16.6,.122,1.2,5.3,203482
2013-14,14,UTA,Shabazz Muhammad,"University of California, Los Angeles",5,257,4604,2377,732,144,.471,.317,.748,17.9,9.2,2.8,0.6,7.8,.082,-4.1,-2.4,203498
2013-14,15,MIL,Giannis Antetokounmpo,,5,349,11284,5645,2514,1277,.504,.276,.746,32.3,16.2,7.2,3.7,33.0,.140,3.0,14.4,203507
2013-14,16,BOS,Lucas Nogueira,,4,110,1544,392,347,57,.629,.269,.649,14.0,3.6,3.2,0.5,5.2,.161,4.7,2.6,203512
2013-14,17,ATL,Dennis Schroder,,5,316,7260,3860,770,1466,.436,.328,.823,23.0,12.2,2.4,4.6,9.5,.063,-1.9,0.3,203471
2013-14,18,ATL,Shane Larkin,University of Miami,4,230,4426,1272,432,673,.427,.334,.768,19.2,5.5,1.9,2.9,3.7,.040,-2.6,-0.6,203499
2013-14,19,CLE,Sergey Karasev,,3,95,1110,287,140,87,.395,.282,.842,11.7,3.0,1.5,0.9,0.8,.036,-3.1,-0.3,203508
2013-14,20,CHI,Tony Snell,University of New Mexico,5,321,7145,2030,809,334,.423,.379,.802,22.3,6.3,2.5,1.0,9.3,.062,-2.0,0.1,203503
2014-15,1,CLE,Andrew Wiggins,University of Kansas,4,281,10177,5633,1135,584,.448,.329,.747,36.2,20.0,4.0,2.1,11.2,.053,-2.5,-1.2,203952
2014-15,2,MIL,Jabari Parker,Duke University,3,152,4874,2403,847,314,.491,.341,.748,32.1,15.8,5.6,2.1,9.0,.088,-1.3,0.9,203953
2014-15,3,PHI,Joel Embiid,University of Kansas,2,57,1601,1250,529,155,.475,.343,.792,28.1,21.9,9.3,2.7,4.5,.134,3.0,2.0,203954
2014-15,4,ORL,Aaron Gordon,University of Arizona,4,232,5854,2470,1296,370,.465,.318,.707,25.2,10.6,5.6,1.6,12.7,.104,0.3,3.4,203932
2014-15,5,UTA,Dante Exum,,2,148,3045,805,263,309,.385,.308,.743,20.6,5.4,1.8,2.1,1.1,.017,-3.3,-1.0,203957
2014-15,6,BOS,Marcus Smart,Oklahoma State University,4,244,7012,2270,921,938,.355,.294,.757,28.7,9.3,3.8,3.8,9.9,.068,0.2,3.9,203935
2014-15,7,LAL,Julius Randle,University of Kentucky,4,189,5157,2310,1672,466,.471,.270,.703,27.3,12.2,8.8,2.5,6.9,.064,-1.7,0.3,203944
2014-15,8,SAC,Nik Stauskas,University of Michigan,4,239,5279,1767,513,403,.388,.352,.806,22.1,7.4,2.1,1.7,2.8,.025,-3.1,-1.4,203917
2014-15,9,CHH,Noah Vonleh,Indiana University,4,200,3121,790,924,77,.453,.291,.686,15.6,4.0,4.6,0.4,4.6,.071,-3.8,-1.4,203943
2014-15,10,PHI,Elfrid Payton,University of Louisiana at Lafayette,4,264,7834,2895,1106,1705,.453,.301,.610,29.7,11.0,4.2,6.5,10.6,.065,-0.2,3.5,203901
2014-15,11,DEN,Doug McDermott,Creighton University,4,218,4535,1756,513,159,.450,.396,.822,20.8,8.1,2.4,0.7,6.8,.072,-3.1,-1.3,203926
2014-15,12,ORL,Dario Saric,,2,114,3136,1470,744,267,.418,.323,.792,27.5,12.9,6.5,2.3,2.9,.045,-1.6,0.3,203967
2014-15,13,MIN,Zach LaVine,"University of California, Los Angeles",3,206,5945,2817,602,666,.445,.378,.821,28.9,13.7,2.9,3.2,4.9,.039,-2.0,-0.1,203897
2014-15,14,PHO,T.J. Warren,North Carolina State University,4,189,4874,2395,773,192,.494,.282,.758,25.8,12.7,4.1,1.0,9.4,.092,-1.2,1.0,203933
2014-15,15,ATL,Adreian Payne,Michigan State University,4,107,1403,429,315,66,.406,.254,.680,13.1,4.0,2.9,0.6,-0.6,-.019,-5.5,-1.2,203940
2014-15,16,CHI,Jusuf Nurkic,,4,190,3886,1807,1257,269,.465,.000,.611,20.5,9.5,6.6,1.4,4.6,.057,-1.0,0.9,203994
2014-15,17,BOS,James Young,University of Kentucky,3,89,751,202,94,26,.367,.276,.548,8.4,2.3,1.1,0.3,0.7,.047,-3.8,-0.3,203923
2014-15,18,PHO,Tyler Ennis,Syracuse University,4,147,1740,582,168,266,.417,.327,.778,11.8,4.0,1.1,1.8,0.5,.013,-5.3,-1.4,203898
2014-15,19,CHI,Gary Harris,Michigan State University,4,220,6048,2483,553,447,.463,.361,.790,27.5,11.3,2.5,2.0,10.6,.084,0.3,3.5,203914
2014-15,20,TOR,Bruno Caboclo,,4,25,113,27,15,6,.262,.278,,4.5,1.1,0.6,0.2,-0.3,-.141,-8.1,-0.2,203998
2015-16,1,MIN,Karl-Anthony Towns,University of Kentucky,3,200,6945,4298,2278,457,.540,.373,.824,34.7,21.5,11.4,2.3,26.2,.181,4.0,10.4,1626157
2015-16,2,LAL,D'Angelo Russell,Ohio State University,3,155,4403,2289,551,637,.413,.347,.748,28.4,14.8,3.6,4.1,1.7,.018,-1.0,1.1,1626156
2015-16,3,PHI,Jahlil Okafor,Duke University,3,106,2773,1538,626,124,.509,.125,.677,26.2,14.5,5.9,1.2,2.4,.041,-3.9,-1.3,1626143
2015-16,4,NYK,Kristaps Porzingis,,3,167,5143,2928,1194,226,.438,.352,.817,30.8,17.5,7.1,1.4,11.5,.108,0.1,2.8,204001
2015-16,5,ORL,Mario Hezonja,,3,173,2819,965,398,194,.407,.332,.860,16.3,5.6,2.3,1.1,0.6,.009,-3.8,-1.3,1626209
2015-16,6,SAC,Willie Cauley-Stein,University of Kentucky,3,172,3633,1420,883,187,.533,.100,.660,21.1,8.3,5.1,1.1,8.2,.108,-0.2,1.6,1626161
2015-16,7,DEN,Emmanuel Mudiay,,3,153,4087,1760,485,683,.373,.332,.733,26.7,11.5,3.2,4.5,-1.5,-.018,-4.1,-2.1,1626144
2015-16,8,DET,Stanley Johnson,University of Arizona,3,181,3919,1165,609,268,.364,.299,.756,21.7,6.4,3.4,1.5,2.0,.024,-2.0,0.0,1626169
2015-16,9,CHO,Frank Kaminsky,University of Wisconsin,3,187,4373,1810,790,304,.407,.333,.747,23.4,9.7,4.2,1.6,6.9,.075,-1.4,0.7,1626163
2015-16,10,MIA,Justise Winslow,Duke University,3,123,3468,875,642,234,.405,.286,.663,28.2,7.1,5.2,1.9,3.2,.045,-1.1,0.7,1626159
2015-16,11,IND,Myles Turner,University of Texas at Austin,3,169,4759,2200,1114,192,.504,.341,.782,28.2,13.0,6.6,1.1,13.4,.135,0.8,3.4,1626167
2015-16,12,UTA,Trey Lyles,University of Kentucky,3,181,3084,1205,665,154,.423,.367,.710,17.0,6.7,3.7,0.9,5.0,.078,-2.3,-0.2,1626168
2015-16,13,PHO,Devin Booker,University of Kentucky,3,180,5723,3414,554,576,.428,.360,.842,31.8,19.0,3.1,3.2,5.8,.048,-2.0,-0.1,1626164
2015-16,14,OKC,Cameron Payne,Murray State University,2,88,1160,443,133,163,.378,.320,.750,13.2,5.0,1.5,1.9,1.0,.042,-3.6,-0.5,1626166
2015-16,15,ATL,Kelly Oubre,University of Kansas,3,177,3247,1140,572,100,.422,.323,.756,18.3,6.4,3.2,0.6,4.5,.067,-2.4,-0.4,1626162
2015-16,16,BOS,Terry Rozier,University of Louisville,3,152,2482,833,460,247,.363,.332,.784,16.3,5.5,3.0,1.6,3.3,.064,-1.8,0.1,1626179
2015-16,17,MIL,Rashad Vaughn,"University of Nevada, Las Vegas",3,127,1621,415,152,74,.336,.310,.692,12.8,3.3,1.2,0.6,-0.5,-.014,-5.4,-1.4,1626173
2015-16,18,HOU,Sam Dekker,University of Wisconsin,3,109,1834,635,366,93,.460,.285,.624,16.8,5.8,3.4,0.9,3.4,.090,-1.6,0.2,1626155
2015-16,19,WAS,Jerian Grant,University of Notre Dame,3,173,3057,1089,335,463,.417,.312,.787,17.7,6.3,1.9,2.7,5.2,.082,-1.7,0.2,1626170
2015-16,20,TOR,Delon Wright,University of Utah,3,75,1099,417,132,135,.450,.326,.811,14.7,5.6,1.8,1.8,2.8,.122,0.9,0.8,1626153
2016-17,1,PHI,Ben Simmons,Louisiana State University,1,33,1194,555,286,251,.508,.000,.538,36.2,16.8,8.7,7.6,2.5,.100,2.5,1.4,1627732
2016-17,2,LAL,Brandon Ingram,Duke University,2,110,3367,1244,486,269,.419,.304,.637,30.6,11.3,4.4,2.4,0.8,.012,-3.3,-1.1,1627742
2016-17,3,BOS,Jaylen Brown,University of California,2,112,2401,1007,416,104,.465,.373,.631,21.4,9.0,3.7,0.9,3.9,.078,-2.2,-0.1,1627759
2016-17,4,PHO,Dragan Bender,,2,79,1336,340,218,55,.358,.322,.613,16.9,4.3,2.8,0.7,-0.3,-.010,-3.6,-0.5,1627733
2016-17,5,MIN,Kris Dunn,Providence College,2,108,2192,689,304,364,.408,.308,.641,20.3,6.4,2.8,3.4,0.7,.015,-1.2,0.5,1627739
2016-17,6,NOP,Buddy Hield,University of Oklahoma,2,114,2623,1265,385,170,.434,.408,.858,23.0,11.1,3.4,1.5,2.2,.041,-2.2,-0.1,1627741
2016-17,7,DEN,Jamal Murray,University of Kentucky,2,117,2761,1348,332,264,.418,.342,.902,23.6,11.5,2.8,2.3,3.5,.061,-1.8,0.1,1627750
2016-17,8,SAC,Marquese Chriss,University of Washington,2,118,2478,981,519,100,.438,.310,.634,21.0,8.3,4.4,0.8,2.4,.046,-1.6,0.2,1627737
2016-17,9,TOR,Jakob Poeltl,University of Utah,2,87,1201,406,316,25,.637,.500,.528,13.8,4.7,3.6,0.3,4.1,.163,1.2,1.0,1627751
2016-17,10,MIL,Thon Maker,,2,90,1170,360,234,47,.434,.345,.667,13.0,4.0,2.6,0.5,1.9,.080,-1.9,0.0,1627748
2016-17,11,ORL,Domantas Sabonis,Gonzaga University,2,114,2421,865,555,154,.448,.326,.710,21.2,7.6,4.9,1.4,3.0,.060,-3.2,-0.7,1627734
2016-17,12,UTA,Taurean Prince,Baylor University,2,93,2040,768,339,140,.420,.372,.782,21.9,8.3,3.6,1.5,1.8,.042,-1.8,0.1,1627752
2016-17,13,PHO,Georgios Papagiannis,,2,29,409,146,102,22,.554,.000,.857,14.1,5.0,3.5,0.8,0.6,.068,-2.4,0.0,1627834
2016-17,14,CHI,Denzel Valentine,Michigan State University,2,91,1945,615,329,158,.384,.373,.771,21.4,6.8,3.6,1.7,2.1,.052,-1.5,0.2,1627756
2016-17,15,DEN,Juan Hernangomez,,2,79,1049,361,228,37,.436,.385,.753,13.3,4.6,2.9,0.5,2.1,.098,-1.6,0.1,1627823
2016-17,16,BOS,Guerschon Yabusele,,1,15,76,29,23,5,.417,.438,1.000,5.1,1.9,1.5,0.3,0.2,.157,-0.1,0.0,1627824
2016-17,17,MEM,Wade Baldwin,Vanderbilt University,1,33,405,106,46,61,.313,.136,.838,12.3,3.2,1.4,1.8,-0.3,-.041,-5.7,-0.4,1627735
2016-17,18,DET,Henry Ellenson,Marquette University,2,33,247,109,69,13,.377,.321,.556,7.5,3.3,2.1,0.4,-0.2,-.040,-7.4,-0.3,1627740
2016-17,19,DEN,Malik Beasley,Florida State University,2,53,474,188,61,28,.427,.319,.714,8.9,3.5,1.2,0.5,0.3,.035,-5.0,-0.4,1627736
2016-17,20,IND,Caris LeVert,University of Michigan,2,91,2152,876,311,240,.449,.331,.701,23.6,9.6,3.4,2.6,2.9,.066,-0.7,0.7,1627747
2017-18,1,PHI,Markelle Fultz,University of Washington,1,4,76,24,9,7,.333,,.500,19.0,6.0,2.3,1.8,-0.1,-.091,-10.2,-0.2,1628365
2017-18,2,LAL,Lonzo Ball,"University of California, Los Angeles",1,31,1050,311,215,220,.349,.297,.480,33.9,10.0,6.9,7.1,0.6,.026,0.1,0.6,1628366
2017-18,3,BOS,Jayson Tatum,Duke University,1,39,1212,555,218,54,.512,.475,.830,31.1,14.2,5.6,1.4,4.8,.191,2.8,1.5,1628369
2017-18,4,PHO,Josh Jackson,University of Kansas,1,36,798,333,130,38,.383,.244,.561,22.2,9.3,3.6,1.1,-0.9,-.055,-5.9,-0.8,1628367
2017-18,5,SAC,De'Aaron Fox,University of Kentucky,1,29,729,273,81,108,.402,.289,.667,25.1,9.4,2.8,3.7,-0.8,-.052,-5.8,-0.7,1628368
2017-18,6,ORL,Jonathan Isaac,Florida State University,1,15,284,79,56,11,.405,.278,.778,18.9,5.3,3.7,0.7,0.1,.020,-2.9,-0.1,1628371
2017-18,7,MIN,Lauri Markkanen,University of Arizona,1,31,916,439,229,41,.401,.328,.819,29.5,14.2,7.4,1.3,1.1,.058,-2.3,-0.1,1628374
2017-18,8,NYK,Frank Ntilikina,,1,32,677,189,70,111,.363,.328,.719,21.2,5.9,2.2,3.5,0.1,.004,-2.1,0.0,1628373
2017-18,9,DAL,Dennis Smith,North Carolina State University,1,28,773,375,110,113,.387,.304,.661,27.6,13.4,3.9,4.0,-0.8,-.048,-3.4,-0.3,1628372
2017-18,10,SAC,Zach Collins,Gonzaga University,1,18,237,64,53,14,.377,.353,.429,13.2,3.6,2.9,0.8,0.0,.005,-3.9,-0.1,1628380
2017-18,11,CHO,Malik Monk,University of Kentucky,1,29,421,170,32,43,.346,.343,.706,14.5,5.9,1.1,1.5,0.0,-.005,-4.8,-0.3,1628370
2017-18,12,DET,Luke Kennard,Duke University,1,29,478,169,48,34,.405,.412,.765,16.5,5.8,1.7,1.2,0.4,.038,-2.9,-0.1,1628379
2017-18,13,DEN,Donovan Mitchell,University of Louisville,1,34,1037,607,108,114,.435,.357,.849,30.5,17.9,3.2,3.4,1.5,.068,0.5,0.7,1628378
2017-18,14,MIA,Bam Adebayo,University of Kentucky,1,25,496,173,122,26,.607,.000,.741,19.8,6.9,4.9,1.0,1.9,.182,2.1,0.5,1628389
2017-18,15,POR,Justin Jackson,University of North Carolina,1,25,450,138,46,16,.393,.318,.636,18.0,5.5,1.8,0.6,-0.2,-.023,-5.8,-0.4,1628382
2017-18,16,CHI,Justin Patton,Creighton University,,,,,,,,,,,,,,,,,,1628383
2017-18,17,MIL,D.J. Wilson,University of Michigan,1,12,46,8,6,2,.444,.000,,3.8,0.7,0.5,0.2,-0.1,-.057,-10.0,-0.1,1628391
2017-18,18,IND,T.J. Leaf,"University of California, Los Angeles",1,27,253,84,46,6,.455,.478,.429,9.4,3.1,1.7,0.2,0.4,.071,-4.0,-0.1,1628388
2017-18,19,ATL,John Collins,Wake Forest University,1,28,643,323,199,28,.617,.000,.710,23.0,11.5,7.1,1.0,2.3,.169,1.6,0.6,1628381
2017-18,20,POR,Harry Giles,Duke University,,,,,,,,,,,,,,,,,,1628385
